--
-- PostgreSQL database dump
--

-- Dumped from database version 14.15
-- Dumped by pg_dump version 14.15

SET statement_timeout = 0;
SET lock_timeout = 0;
SET idle_in_transaction_session_timeout = 0;
SET client_encoding = 'UTF8';
SET standard_conforming_strings = on;
SELECT pg_catalog.set_config('search_path', '', false);
SET check_function_bodies = false;
SET xmloption = content;
SET client_min_messages = warning;
SET row_security = off;

--
-- Data for Name: ClientUsers; Type: TABLE DATA; Schema: public; Owner: mert
--

INSERT INTO public."ClientUsers" (id, name, email, "emailVerified", image, password, "createdAt", "updatedAt") VALUES ('cm737e54h0003gx68vjpbssi0', 'Fahri Mert Tunçkaya', 'fmtunckaya@gmail.com', NULL, NULL, '$2b$10$D8iNvWpkpsxjkFGTxJXuoeGSXgp9OQjI2JnfXl/wDxgaHPFPokG5W', '2025-02-13 10:35:02.13', '2025-02-14 12:27:43.705');
INSERT INTO public."ClientUsers" (id, name, email, "emailVerified", image, password, "createdAt", "updatedAt") VALUES ('cm76582ly0001hw6pe7s3bvs2', NULL, 'b@gmail.com', NULL, NULL, '$2b$10$4.E0TmPJDHPUXZny9IPuSunKe1VowsCKmZnMrg5bVGTzrmXdFRxgG', '2025-02-15 11:57:38.231', '2025-02-15 11:57:38.231');
INSERT INTO public."ClientUsers" (id, name, email, "emailVerified", image, password, "createdAt", "updatedAt") VALUES ('cm765j7v30004hw6plsxxzura', NULL, 'a@gmail.com', NULL, NULL, '$2b$10$oVRsd3c28.G8pW31bQJBSOzznMAC64ruhBbQLQ7PWh1vBiUJY5F0a', '2025-02-15 12:06:18.254', '2025-02-15 12:06:18.254');


--
-- Data for Name: Address; Type: TABLE DATA; Schema: public; Owner: mert
--

INSERT INTO public."Address" (id, "addressTitle", "BuyerName", "BuyerNumber", "AddressDescription", country, county, zipcode, "addressId", "createdAt", "updatedAt") VALUES ('c4b6fbe7-e699-4691-92bc-11fca1883aa0', 'Ev', 'Mert', 5531889998.000000000000000000000000000000, 'Mehmet Kartal Bulvarı  Mehmet Kartal Bulvarı ', 'Turkey', 'ADANA', 1.000000000000000000000000000000, 'cm737e54h0003gx68vjpbssi0', '2025-02-14 12:05:40.886', '2025-02-14 12:05:40.886');
INSERT INTO public."Address" (id, "addressTitle", "BuyerName", "BuyerNumber", "AddressDescription", country, county, zipcode, "addressId", "createdAt", "updatedAt") VALUES ('f4e91ae0-78f5-4014-abe1-bb5f65b9a77d', 'Ev', 'Mert', 5531889998.000000000000000000000000000000, 'Mehmet Kartal Bulvarı  Mehmet Kartal Bulvarı ', 'Turkey', 'ADANA', 12131.000000000000000000000000000000, 'cm737e54h0003gx68vjpbssi0', '2025-02-14 12:09:30.937', '2025-02-14 12:09:30.937');
INSERT INTO public."Address" (id, "addressTitle", "BuyerName", "BuyerNumber", "AddressDescription", country, county, zipcode, "addressId", "createdAt", "updatedAt") VALUES ('9e9a99b6-8844-41a2-864c-a3cf8c681c78', 'Şirket', 'Mustafa', 3132135121.000000000000000000000000000000, 'İş şirket şirket ', 'Turkey', 'AĞRI', 31223.000000000000000000000000000000, 'cm737e54h0003gx68vjpbssi0', '2025-02-14 12:19:17.435', '2025-02-14 12:19:17.435');


--
-- Data for Name: Categories; Type: TABLE DATA; Schema: public; Owner: mert
--

INSERT INTO public."Categories" (id, name, "order", "createdAt", "updatedAt", anasayfa) VALUES ('4e792fc6-d9f6-4796-b00d-0cdebd73904f', 'Çanta ', 1, '2025-02-11 11:27:28.058', '2025-02-11 11:27:28.058', true);
INSERT INTO public."Categories" (id, name, "order", "createdAt", "updatedAt", anasayfa) VALUES ('c07e8daf-e36d-400a-a0a9-c71a5b907d0a', 'Biblo', 2, '2025-02-11 11:27:59.491', '2025-02-11 11:27:59.491', true);
INSERT INTO public."Categories" (id, name, "order", "createdAt", "updatedAt", anasayfa) VALUES ('e3510203-ca31-42b0-a815-fde34ae59908', 'Takılar', 3, '2025-02-11 11:30:50.529', '2025-02-11 11:30:50.529', true);
INSERT INTO public."Categories" (id, name, "order", "createdAt", "updatedAt", anasayfa) VALUES ('b6d3c53a-3257-490e-9735-4b691bd2973a', 'Dekoratif Ürünler', 4, '2025-02-11 11:36:34.059', '2025-02-11 13:12:42.71', false);
INSERT INTO public."Categories" (id, name, "order", "createdAt", "updatedAt", anasayfa) VALUES ('67f1b0ca-30b4-4c51-83e7-77f1e22f7f26', 'Aksesuarlar', 5, '2025-02-11 11:37:54.176', '2025-02-11 13:12:49.493', false);
INSERT INTO public."Categories" (id, name, "order", "createdAt", "updatedAt", anasayfa) VALUES ('919df6ed-7b39-4a55-925c-fd0e1e72eb0a', ' Ev & Mutfak Ürünleri', 6, '2025-02-11 11:39:18.138', '2025-02-11 13:12:53.398', false);
INSERT INTO public."Categories" (id, name, "order", "createdAt", "updatedAt", anasayfa) VALUES ('12aea4e8-4df8-40a9-bdc7-972172590c85', ' Hediyelik Ürünler', 7, '2025-02-11 11:40:57.31', '2025-02-11 13:12:56.944', false);


--
-- Data for Name: ClientUserDetail; Type: TABLE DATA; Schema: public; Owner: mert
--

INSERT INTO public."ClientUserDetail" (id, educationsituation, surname, "detailId", phone, occupation, "createdAt", "updatedAt") VALUES ('cm74qux2200007iwdrusct11m', 'Lisans', 'Tunçkaya', 'cm737e54h0003gx68vjpbssi0', 5531889998.000000000000000000000000000000, 'AndorrA', '2025-02-14 12:27:43.705', '2025-02-14 12:27:43.705');


--
-- Data for Name: Firstinceleyinkismi; Type: TABLE DATA; Schema: public; Owner: mert
--



--
-- Data for Name: Product; Type: TABLE DATA; Schema: public; Owner: mert
--

INSERT INTO public."Product" (id, "categoryId", "order", name, price, "isFeatured", "isArchived", "createdAt", "updatedAt", ek, "iadeSarti", stok, anasayfa, quantity) VALUES ('87e3e777-6970-4766-82ea-b119a887de8f', '4e792fc6-d9f6-4796-b00d-0cdebd73904f', 3, 'Sarı Çanta', 799.000000000000000000000000000000, true, false, '2025-02-11 12:35:51.918', '2025-02-11 12:35:51.918', '[{"key": "Açıklama", "value": "Lorem ipsum dolor sit amet consectetur, adipisicing elit. Veritatis harum ut libero! Maxime provident temporibus ut aliquid eveniet asperiores harum numquam praesentium quam, incidunt ipsa unde explicabo, tenetur ullam assumenda eligendi, beatae quaerat reiciendis eius saepe hic laborum. Praesentium, minima! Cumque ipsa aspernatur a vitae quaerat eius exercitationem ut quo est rem, possimus reprehenderit saepe aliquam error officia earum dolor cum accusamus excepturi cupiditate odio nulla incidunt itaque fugit. Quasi nihil illum veritatis doloremque distinctio dolore recusandae ea est aperiam cumque ab sunt vero magni dignissimos minima blanditiis vitae consectetur laborum incidunt, esse consequuntur beatae reiciendis mollitia! Molestias, alias harum."}, {"key": "Materyal", "value": "Lorem ipsum dolor sit amet consectetur, adipisicing elit. Veritatis harum ut libero!"}, {"key": "Renk", "value": "Sarı"}, {"key": "Yükseklik", "value": "50 cm"}, {"key": "El Genişliği", "value": "100cm"}, {"key": "Kargo", "value": "Lorem ipsum dolor sit amet consectetur, adipisicing elit. Veritatis harum ut libero! Maxime provident temporibus ut aliquid eveniet asperiores harum numquam praesentium quam, incidunt ipsa unde explicabo, tenetur ullam assumenda eligendi, beatae quaerat reiciendis eius saepe hic laborum. Praesentium, minima! Cumque ipsa aspernatur a vitae quaerat eius exercitationem ut quo est rem, possimus reprehenderit saepe aliquam error officia earum dolor cum accusamus excepturi cupiditate odio nulla incidunt itaque fugit. Quasi nihil illum veritatis doloremque distinctio dolore recusandae ea est aperiam cumque ab sunt vero magni dignissimos minima blanditiis vitae consectetur laborum incidunt, esse consequuntur beatae reiciendis mollitia! Molestias, alias harum."}]', 'Lorem ipsum dolor sit amet consectetur, adipisicing elit. Veritatis harum ut libero! Maxime provident temporibus ut aliquid eveniet asperiores harum numquam praesentium quam, incidunt ipsa unde explicabo, tenetur ullam assumenda eligendi, beatae quaerat reiciendis eius saepe hic laborum. Praesentium, minima! Cumque ipsa aspernatur a vitae quaerat eius exercitationem ut quo est rem, possimus reprehenderit saepe aliquam error officia earum dolor cum accusamus excepturi cupiditate odio nulla incidunt itaque fugit. Quasi nihil illum veritatis doloremque distinctio dolore recusandae ea est aperiam cumque ab sunt vero magni dignissimos minima blanditiis vitae consectetur laborum incidunt, esse consequuntur beatae reiciendis mollitia! Molestias, alias harum.', 30, true, 0);
INSERT INTO public."Product" (id, "categoryId", "order", name, price, "isFeatured", "isArchived", "createdAt", "updatedAt", ek, "iadeSarti", stok, anasayfa, quantity) VALUES ('a6ae4632-7d45-4488-927d-ada76c207cff', '4e792fc6-d9f6-4796-b00d-0cdebd73904f', 4, 'Mor Çanta', 599.000000000000000000000000000000, true, false, '2025-02-11 12:37:24.32', '2025-02-11 12:37:24.32', '[{"key": "Açıklama", "value": "Lorem ipsum dolor sit amet consectetur, adipisicing elit. Veritatis harum ut libero! Maxime provident temporibus ut aliquid eveniet asperiores harum numquam praesentium quam, incidunt ipsa unde explicabo, tenetur ullam assumenda eligendi, beatae quaerat reiciendis eius saepe hic laborum. Praesentium, minima! Cumque ipsa aspernatur a vitae quaerat eius exercitationem ut quo est rem, possimus reprehenderit saepe aliquam error officia earum dolor cum accusamus excepturi cupiditate odio nulla incidunt itaque fugit. Quasi nihil illum veritatis doloremque distinctio dolore recusandae ea est aperiam cumque ab sunt vero magni dignissimos minima blanditiis vitae consectetur laborum incidunt, esse consequuntur beatae reiciendis mollitia! Molestias, alias harum."}, {"key": "Materyal", "value": "Lorem ipsum dolor sit amet co"}, {"key": "Renk", "value": "Mor"}, {"key": "Yükseklik", "value": "50 cm"}, {"key": "Kulp", "value": "100 cm"}, {"key": "Kargo", "value": "Lorem ipsum dolor sit amet consectetur, adipisicing elit. Veritatis harum ut libero! Maxime provident temporibus ut aliquid eveniet asperiores harum numquam praesentium quam, incidunt ipsa unde explicabo, tenetur ullam assumenda eligendi, beatae quaerat reiciendis eius saepe hic laborum. Praesentium, minima! Cumque ipsa aspernatur a vitae quaerat eius exercitationem ut quo est rem, possimus reprehenderit saepe aliquam error officia earum dolor cum accusamus excepturi cupiditate odio nulla incidunt itaque fugit. Quasi nihil illum veritatis doloremque distinctio dolore recusandae ea est aperiam cumque ab sunt vero magni dignissimos minima blanditiis vitae consectetur laborum incidunt, esse consequuntur beatae reiciendis mollitia! Molestias, alias harum."}]', 'Lorem ipsum dolor sit amet consectetur, adipisicing elit. Veritatis harum ut libero! Maxime provident temporibus ut aliquid eveniet asperiores harum numquam praesentium quam, incidunt ipsa unde explicabo, tenetur ullam assumenda eligendi, beatae quaerat reiciendis eius saepe hic laborum. Praesentium, minima! Cumque ipsa aspernatur a vitae quaerat eius exercitationem ut quo est rem, possimus reprehenderit saepe aliquam error officia earum dolor cum accusamus excepturi cupiditate odio nulla incidunt itaque fugit. Quasi nihil illum veritatis doloremque distinctio dolore recusandae ea est aperiam cumque ab sunt vero magni dignissimos minima blanditiis vitae consectetur laborum incidunt, esse consequuntur beatae reiciendis mollitia! Molestias, alias harum.', 25, true, 0);
INSERT INTO public."Product" (id, "categoryId", "order", name, price, "isFeatured", "isArchived", "createdAt", "updatedAt", ek, "iadeSarti", stok, anasayfa, quantity) VALUES ('d82728b9-9a54-43b4-a8b1-df9f5d4b900f', '4e792fc6-d9f6-4796-b00d-0cdebd73904f', 1, 'Siyah Çanta', 5000.000000000000000000000000000000, true, false, '2025-02-11 12:32:12.192', '2025-02-11 12:32:12.192', '[{"key": "Açıklama", "value": "Lorem ipsum dolor sit amet consectetur adipisicing elit. Porro error consequatur ipsa suscipit at. Dolorem harum dicta reiciendis hic cupiditate eaque quas nemo laboriosam impedit excepturi asperiores, nisi minus error porro veniam aliquam quasi! Voluptatem porro autem id corporis nobis nemo itaque perferendis aperiam! Sunt, aspernatur. Distinctio sed quos quasi.\n"}, {"key": "Materyal", "value": "Lorem ipsum dolor sit amet consectetur adipisicing elit. Odio, nulla!\n"}, {"key": "Renk", "value": "Siyah"}, {"key": "Yükseklik", "value": "30 cm"}, {"key": "El Genişliği ", "value": "50 cm "}, {"key": "Kargo Bilgisi", "value": "Lorem ipsum dolor, sit amet consectetur adipisicing elit. Id voluptate pariatur totam praesentium fuga, eius dolor inventore deleniti esse, odit architecto nihil laboriosam quod quibusdam culpa, officia explicabo veniam. Hic, distinctio quasi. Eius iusto impedit sed deserunt rem atque ipsum. Dolor ratione sapiente cupiditate quis ipsam repellat blanditiis itaque temporibus?\n"}]', '        Lorem ipsum dolor sit amet consectetur, adipisicing elit. Veritatis harum ut libero! Maxime provident temporibus ut aliquid eveniet asperiores harum numquam praesentium quam, incidunt ipsa unde explicabo, tenetur ullam assumenda eligendi, beatae quaerat reiciendis eius saepe hic laborum. Praesentium, minima! Cumque ipsa aspernatur a vitae quaerat eius exercitationem ut quo est rem, possimus reprehenderit saepe aliquam error officia earum dolor cum accusamus excepturi cupiditate odio nulla incidunt itaque fugit. Quasi nihil illum veritatis doloremque distinctio dolore recusandae ea est aperiam cumque ab sunt vero magni dignissimos minima blanditiis vitae consectetur laborum incidunt, esse consequuntur beatae reiciendis mollitia! Molestias, alias harum.', 10, true, 0);
INSERT INTO public."Product" (id, "categoryId", "order", name, price, "isFeatured", "isArchived", "createdAt", "updatedAt", ek, "iadeSarti", stok, anasayfa, quantity) VALUES ('a1615093-8bd1-46b0-9c24-7125b25dff6d', '4e792fc6-d9f6-4796-b00d-0cdebd73904f', 5, 'Yeşil Çanta', 3000.000000000000000000000000000000, true, false, '2025-02-11 12:39:39.663', '2025-02-11 12:39:39.663', '[{"key": "Açıklama", "value": "Lorem ipsum dolor sit amet consectetur, adipisicing elit. Veritatis harum ut libero! Maxime provident temporibus ut aliquid eveniet asperiores harum numquam praesentium quam, incidunt ipsa unde explicabo, tenetur ullam assumenda eligendi, beatae quaerat reiciendis eius saepe hic laborum. Praesentium, minima! Cumque ipsa aspernatur a vitae quaerat eius exercitationem ut quo est rem, possimus reprehenderit saepe aliquam error officia earum dolor cum accusamus excepturi cupiditate odio nulla incidunt itaque fugit. Quasi nihil illum veritatis doloremque distinctio dolore recusandae ea est aperiam cumque ab sunt vero magni dignissimos minima blanditiis vitae consectetur laborum incidunt, esse consequuntur beatae reiciendis mollitia! Molestias, alias harum."}, {"key": "Materyal", "value": "Lorem ipsum dolor sit "}, {"key": "Renk", "value": "Yeşil"}, {"key": "Yükseklik", "value": "30 cm"}, {"key": "El Genişliği", "value": "100 cm"}, {"key": "Kargo", "value": "Lorem ipsum dolor sit amet consectetur, adipisicing elit. Veritatis harum ut libero! Maxime provident temporibus ut aliquid eveniet asperiores harum numquam praesentium quam, incidunt ipsa unde explicabo, tenetur ullam assumenda eligendi, beatae quaerat reiciendis eius saepe hic laborum. Praesentium, minima! Cumque ipsa aspernatur a vitae quaerat eius exercitationem ut quo est rem, possimus reprehenderit saepe aliquam error officia earum dolor cum accusamus excepturi cupiditate odio nulla incidunt itaque fugit. Quasi nihil illum veritatis doloremque distinctio dolore recusandae ea est aperiam cumque ab sunt vero magni dignissimos minima blanditiis vitae consectetur laborum incidunt, esse consequuntur beatae reiciendis mollitia! Molestias, alias harum."}]', 'Lorem ipsum dolor sit amet consectetur, adipisicing elit. Veritatis harum ut libero! Maxime provident temporibus ut aliquid eveniet asperiores harum numquam praesentium quam, incidunt ipsa unde explicabo, tenetur ullam assumenda eligendi, beatae quaerat reiciendis eius saepe hic laborum. Praesentium, minima! Cumque ipsa aspernatur a vitae quaerat eius exercitationem ut quo est rem, possimus reprehenderit saepe aliquam error officia earum dolor cum accusamus excepturi cupiditate odio nulla incidunt itaque fugit. Quasi nihil illum veritatis doloremque distinctio dolore recusandae ea est aperiam cumque ab sunt vero magni dignissimos minima blanditiis vitae consectetur laborum incidunt, esse consequuntur beatae reiciendis mollitia! Molestias, alias harum.', 19, true, 0);
INSERT INTO public."Product" (id, "categoryId", "order", name, price, "isFeatured", "isArchived", "createdAt", "updatedAt", ek, "iadeSarti", stok, anasayfa, quantity) VALUES ('0dcf7b7c-1fb6-4a59-8b24-f9dd09b698ec', '4e792fc6-d9f6-4796-b00d-0cdebd73904f', 6, 'Mavi Çanta', 4000.000000000000000000000000000000, true, false, '2025-02-11 12:43:44.613', '2025-02-11 12:43:44.613', '[{"key": "Açıklama", "value": "Lorem ipsum dolor sit amet consectetur, adipisicing elit. Veritatis harum ut libero! Maxime provident temporibus ut aliquid eveniet asperiores harum numquam praesentium quam, incidunt ipsa unde explicabo, tenetur ullam assumenda eligendi, beatae quaerat reiciendis eius saepe hic laborum. Praesentium, minima! Cumque ipsa aspernatur a vitae quaerat eius exercitationem ut quo est rem, possimus reprehenderit saepe aliquam error officia earum dolor cum accusamus excepturi cupiditate odio nulla incidunt itaque fugit. Quasi nihil illum veritatis doloremque distinctio dolore recusandae ea est aperiam cumque ab sunt vero magni dignissimos minima blanditiis vitae consectetur laborum incidunt, esse consequuntur beatae reiciendis mollitia! Molestias, alias harum."}, {"key": "Materyal", "value": "Lorem ipsum dolor sit amet consectetur,"}, {"key": "Renk", "value": "Mavi"}, {"key": "Yükseklik", "value": "50 cm"}, {"key": "El Genişliği", "value": "100 cm "}, {"key": "Kargo", "value": "Lorem ipsum dolor sit amet consectetur, adipisicing elit. Veritatis harum ut libero! Maxime provident temporibus ut aliquid eveniet asperiores harum numquam praesentium quam, incidunt ipsa unde explicabo, tenetur ullam assumenda eligendi, beatae quaerat reiciendis eius saepe hic laborum. Praesentium, minima! Cumque ipsa aspernatur a vitae quaerat eius exercitationem ut quo est rem, possimus reprehenderit saepe aliquam error officia earum dolor cum accusamus excepturi cupiditate odio nulla incidunt itaque fugit. Quasi nihil illum veritatis doloremque distinctio dolore recusandae ea est aperiam cumque ab sunt vero magni dignissimos minima blanditiis vitae consectetur laborum incidunt, esse consequuntur beatae reiciendis mollitia! Molestias, alias harum."}]', 'Lorem ipsum dolor sit amet consectetur, adipisicing elit. Veritatis harum ut libero! Maxime provident temporibus ut aliquid eveniet asperiores harum numquam praesentium quam, incidunt ipsa unde explicabo, tenetur ullam assumenda eligendi, beatae quaerat reiciendis eius saepe hic laborum. Praesentium, minima! Cumque ipsa aspernatur a vitae quaerat eius exercitationem ut quo est rem, possimus reprehenderit saepe aliquam error officia earum dolor cum accusamus excepturi cupiditate odio nulla incidunt itaque fugit. Quasi nihil illum veritatis doloremque distinctio dolore recusandae ea est aperiam cumque ab sunt vero magni dignissimos minima blanditiis vitae consectetur laborum incidunt, esse consequuntur beatae reiciendis mollitia! Molestias, alias harum.', 9, true, 0);
INSERT INTO public."Product" (id, "categoryId", "order", name, price, "isFeatured", "isArchived", "createdAt", "updatedAt", ek, "iadeSarti", stok, anasayfa, quantity) VALUES ('ecea98d3-fd19-4714-9a07-a40604107186', 'e3510203-ca31-42b0-a815-fde34ae59908', 7, 'Kelebek Kolye', 294.000000000000000000000000000000, true, false, '2025-02-11 12:52:40.573', '2025-02-11 12:52:40.573', '[{"key": "Açıklama", "value": "Lorem ipsum dolor sit amet consectetur, adipisicing elit. Veritatis harum ut libero! Maxime provident temporibus ut aliquid eveniet asperiores harum numquam praesentium quam, incidunt ipsa unde explicabo, tenetur ullam assumenda eligendi, beatae quaerat reiciendis eius saepe hic laborum. Praesentium, minima! Cumque ipsa aspernatur a vitae quaerat eius exercitationem ut quo est rem, possimus reprehenderit saepe aliquam error officia earum dolor cum accusamus excepturi cupiditate odio nulla incidunt itaque fugit. Quasi nihil illum veritatis doloremque distinctio dolore recusandae ea est aperiam cumque ab sunt vero magni dignissimos minima blanditiis vitae consectetur laborum incidunt, esse consequuntur beatae reiciendis mollitia! Molestias, alias harum."}, {"key": "Materyal", "value": "Lorem ipsum dolor sit amet consectetur,"}, {"key": "Renk", "value": "Altın"}, {"key": "Uzunluk ", "value": "50 cm"}, {"key": "Genişlik", "value": "40 cm"}, {"key": "Kargo", "value": "Lorem ipsum dolor sit amet consectetur, adipisicing elit. Veritatis harum ut libero! Maxime provident temporibus ut aliquid eveniet asperiores harum numquam praesentium quam, incidunt ipsa unde explicabo, tenetur ullam assumenda eligendi, beatae quaerat reiciendis eius saepe hic laborum. Praesentium, minima! Cumque ipsa aspernatur a vitae quaerat eius exercitationem ut quo est rem, possimus reprehenderit saepe aliquam error officia earum dolor cum accusamus excepturi cupiditate odio nulla incidunt itaque fugit. Quasi nihil illum veritatis doloremque distinctio dolore recusandae ea est aperiam cumque ab sunt vero magni dignissimos minima blanditiis vitae consectetur laborum incidunt, esse consequuntur beatae reiciendis mollitia! Molestias, alias harum."}]', 'Lorem ipsum dolor sit amet consectetur, adipisicing elit. Veritatis harum ut libero! Maxime provident temporibus ut aliquid eveniet asperiores harum numquam praesentium quam, incidunt ipsa unde explicabo, tenetur ullam assumenda eligendi, beatae quaerat reiciendis eius saepe hic laborum. Praesentium, minima! Cumque ipsa aspernatur a vitae quaerat eius exercitationem ut quo est rem, possimus reprehenderit saepe aliquam error officia earum dolor cum accusamus excepturi cupiditate odio nulla incidunt itaque fugit. Quasi nihil illum veritatis doloremque distinctio dolore recusandae ea est aperiam cumque ab sunt vero magni dignissimos minima blanditiis vitae consectetur laborum incidunt, esse consequuntur beatae reiciendis mollitia! Molestias, alias harum.', 15, true, 0);
INSERT INTO public."Product" (id, "categoryId", "order", name, price, "isFeatured", "isArchived", "createdAt", "updatedAt", ek, "iadeSarti", stok, anasayfa, quantity) VALUES ('1f15cad4-ad53-4a4c-9613-c91d9253d211', 'e3510203-ca31-42b0-a815-fde34ae59908', 8, 'Yıldız Kolye ', 899.000000000000000000000000000000, true, false, '2025-02-11 12:56:57.065', '2025-02-11 12:56:57.065', '[{"key": "Açıklama", "value": "Lorem ipsum dolor sit amet consectetur, adipisicing elit. Veritatis harum ut libero! Maxime provident temporibus ut aliquid eveniet asperiores harum numquam praesentium quam, incidunt ipsa unde explicabo, tenetur ullam assumenda eligendi, beatae quaerat reiciendis eius saepe hic laborum. Praesentium, minima! Cumque ipsa aspernatur a vitae quaerat eius exercitationem ut quo est rem, possimus reprehenderit saepe aliquam error officia earum dolor cum accusamus excepturi cupiditate odio nulla incidunt itaque fugit. Quasi nihil illum veritatis doloremque distinctio dolore recusandae ea est aperiam cumque ab sunt vero magni dignissimos minima blanditiis vitae consectetur laborum incidunt, esse consequuntur beatae reiciendis mollitia! Molestias, alias harum."}, {"key": "Materyal", "value": "Küçük Taşlar"}, {"key": "Renk", "value": "Pembe"}, {"key": "Uzunluk ", "value": "50 cm"}, {"key": "Genişlik", "value": "40 cm"}, {"key": "Kargo", "value": "Lorem ipsum dolor sit amet consectetur, adipisicing elit. Veritatis harum ut libero! Maxime provident temporibus ut aliquid eveniet asperiores harum numquam praesentium quam, incidunt ipsa unde explicabo, tenetur ullam assumenda eligendi, beatae quaerat reiciendis eius saepe hic laborum. Praesentium, minima! Cumque ipsa aspernatur a vitae quaerat eius exercitationem ut quo est rem, possimus reprehenderit saepe aliquam error officia earum dolor cum accusamus excepturi cupiditate odio nulla incidunt itaque fugit. Quasi nihil illum veritatis doloremque distinctio dolore recusandae ea est aperiam cumque ab sunt vero magni dignissimos minima blanditiis vitae consectetur laborum incidunt, esse consequuntur beatae reiciendis mollitia! Molestias, alias harum."}]', 'Lorem ipsum dolor sit amet consectetur, adipisicing elit. Veritatis harum ut libero! Maxime provident temporibus ut aliquid eveniet asperiores harum numquam praesentium quam, incidunt ipsa unde explicabo, tenetur ullam assumenda eligendi, beatae quaerat reiciendis eius saepe hic laborum. Praesentium, minima! Cumque ipsa aspernatur a vitae quaerat eius exercitationem ut quo est rem, possimus reprehenderit saepe aliquam error officia earum dolor cum accusamus excepturi cupiditate odio nulla incidunt itaque fugit. Quasi nihil illum veritatis doloremque distinctio dolore recusandae ea est aperiam cumque ab sunt vero magni dignissimos minima blanditiis vitae consectetur laborum incidunt, esse consequuntur beatae reiciendis mollitia! Molestias, alias harum.', 13, true, 0);
INSERT INTO public."Product" (id, "categoryId", "order", name, price, "isFeatured", "isArchived", "createdAt", "updatedAt", ek, "iadeSarti", stok, anasayfa, quantity) VALUES ('ad77a1fc-44b2-449f-afd4-7f1a632476f9', 'e3510203-ca31-42b0-a815-fde34ae59908', 9, 'Daire Kolye', 295.000000000000000000000000000000, true, false, '2025-02-11 12:58:44.488', '2025-02-11 12:58:44.488', '[{"key": "Açıklama", "value": "Lorem ipsum dolor sit amet consectetur, adipisicing elit. Veritatis harum ut libero! Maxime provident temporibus ut aliquid eveniet asperiores harum numquam praesentium quam, incidunt ipsa unde explicabo, tenetur ullam assumenda eligendi, beatae quaerat reiciendis eius saepe hic laborum. Praesentium, minima! Cumque ipsa aspernatur a vitae quaerat eius exercitationem ut quo est rem, possimus reprehenderit saepe aliquam error officia earum dolor cum accusamus excepturi cupiditate odio nulla incidunt itaque fugit. Quasi nihil illum veritatis doloremque distinctio dolore recusandae ea est aperiam cumque ab sunt vero magni dignissimos minima blanditiis vitae consectetur laborum incidunt, esse consequuntur beatae reiciendis mollitia! Molestias, alias harum."}, {"key": "Materyal", "value": "Altın "}, {"key": "Renk", "value": "Altın Rengi "}, {"key": "Uzunluk ", "value": "30 cm "}, {"key": "Genişlik", "value": "20 cm "}, {"key": "Kargo", "value": "Lorem ipsum dolor sit amet consectetur, adipisicing elit. Veritatis harum ut libero! Maxime provident temporibus ut aliquid eveniet asperiores harum numquam praesentium quam, incidunt ipsa unde explicabo, tenetur ullam assumenda eligendi, beatae quaerat reiciendis eius saepe hic laborum. Praesentium, minima! Cumque ipsa aspernatur a vitae quaerat eius exercitationem ut quo est rem, possimus reprehenderit saepe aliquam error officia earum dolor cum accusamus excepturi cupiditate odio nulla incidunt itaque fugit. Quasi nihil illum veritatis doloremque distinctio dolore recusandae ea est aperiam cumque ab sunt vero magni dignissimos minima blanditiis vitae consectetur laborum incidunt, esse consequuntur beatae reiciendis mollitia! Molestias, alias harum."}]', 'Lorem ipsum dolor sit amet consectetur, adipisicing elit. Veritatis harum ut libero! Maxime provident temporibus ut aliquid eveniet asperiores harum numquam praesentium quam, incidunt ipsa unde explicabo, tenetur ullam assumenda eligendi, beatae quaerat reiciendis eius saepe hic laborum. Praesentium, minima! Cumque ipsa aspernatur a vitae quaerat eius exercitationem ut quo est rem, possimus reprehenderit saepe aliquam error officia earum dolor cum accusamus excepturi cupiditate odio nulla incidunt itaque fugit. Quasi nihil illum veritatis doloremque distinctio dolore recusandae ea est aperiam cumque ab sunt vero magni dignissimos minima blanditiis vitae consectetur laborum incidunt, esse consequuntur beatae reiciendis mollitia! Molestias, alias harum.', 18, true, 0);
INSERT INTO public."Product" (id, "categoryId", "order", name, price, "isFeatured", "isArchived", "createdAt", "updatedAt", ek, "iadeSarti", stok, anasayfa, quantity) VALUES ('ad5d8a9f-94df-4e5a-8e0a-78b4600028cd', 'e3510203-ca31-42b0-a815-fde34ae59908', 10, 'Kare Elmas Kolye', 545.000000000000000000000000000000, true, false, '2025-02-11 13:00:14.506', '2025-02-11 13:00:14.506', '[{"key": "Açıklama", "value": "Lorem ipsum dolor sit amet consectetur, adipisicing elit. Veritatis harum ut libero! Maxime provident temporibus ut aliquid eveniet asperiores harum numquam praesentium quam, incidunt ipsa unde explicabo, tenetur ullam assumenda eligendi, beatae quaerat reiciendis eius saepe hic laborum. Praesentium, minima! Cumque ipsa aspernatur a vitae quaerat eius exercitationem ut quo est rem, possimus reprehenderit saepe aliquam error officia earum dolor cum accusamus excepturi cupiditate odio nulla incidunt itaque fugit. Quasi nihil illum veritatis doloremque distinctio dolore recusandae ea est aperiam cumque ab sunt vero magni dignissimos minima blanditiis vitae consectetur laborum incidunt, esse consequuntur beatae reiciendis mollitia! Molestias, alias harum."}, {"key": "Materyal", "value": "Lorem ipsum dolor sit amet consectetur,"}, {"key": "Renk", "value": "Gümüş Rengi "}, {"key": "Uzunluk ", "value": "40 cm "}, {"key": "Genişlik", "value": "50 cm "}, {"key": "Kargo", "value": "Lorem ipsum dolor sit amet consectetur, adipisicing elit. Veritatis harum ut libero! Maxime provident temporibus ut aliquid eveniet asperiores harum numquam praesentium quam, incidunt ipsa unde explicabo, tenetur ullam assumenda eligendi, beatae quaerat reiciendis eius saepe hic laborum. Praesentium, minima! Cumque ipsa aspernatur a vitae quaerat eius exercitationem ut quo est rem, possimus reprehenderit saepe aliquam error officia earum dolor cum accusamus excepturi cupiditate odio nulla incidunt itaque fugit. Quasi nihil illum veritatis doloremque distinctio dolore recusandae ea est aperiam cumque ab sunt vero magni dignissimos minima blanditiis vitae consectetur laborum incidunt, esse consequuntur beatae reiciendis mollitia! Molestias, alias harum."}]', 'Lorem ipsum dolor sit amet consectetur, adipisicing elit. Veritatis harum ut libero! Maxime provident temporibus ut aliquid eveniet asperiores harum numquam praesentium quam, incidunt ipsa unde explicabo, tenetur ullam assumenda eligendi, beatae quaerat reiciendis eius saepe hic laborum. Praesentium, minima! Cumque ipsa aspernatur a vitae quaerat eius exercitationem ut quo est rem, possimus reprehenderit saepe aliquam error officia earum dolor cum accusamus excepturi cupiditate odio nulla incidunt itaque fugit. Quasi nihil illum veritatis doloremque distinctio dolore recusandae ea est aperiam cumque ab sunt vero magni dignissimos minima blanditiis vitae consectetur laborum incidunt, esse consequuntur beatae reiciendis mollitia! Molestias, alias harum.', 15, false, 0);
INSERT INTO public."Product" (id, "categoryId", "order", name, price, "isFeatured", "isArchived", "createdAt", "updatedAt", ek, "iadeSarti", stok, anasayfa, quantity) VALUES ('8069594b-ef39-421a-ac9c-a0c063cc06c4', 'c07e8daf-e36d-400a-a0a9-c71a5b907d0a', 11, 'At Biblo ', 230.000000000000000000000000000000, false, false, '2025-02-11 13:07:30.044', '2025-02-11 13:07:30.044', '[{"key": "Açıklama", "value": "Lorem ipsum dolor sit amet consectetur, adipisicing elit. Veritatis harum ut libero! Maxime provident temporibus ut aliquid eveniet asperiores harum numquam praesentium quam, incidunt ipsa unde explicabo, tenetur ullam assumenda eligendi, beatae quaerat reiciendis eius saepe hic laborum. Praesentium, minima! Cumque ipsa aspernatur a vitae quaerat eius exercitationem ut quo est rem, possimus reprehenderit saepe aliquam error officia earum dolor cum accusamus excepturi cupiditate odio nulla incidunt itaque fugit. Quasi nihil illum veritatis doloremque distinctio dolore recusandae ea est aperiam cumque ab sunt vero magni dignissimos minima blanditiis vitae consectetur laborum incidunt, esse consequuntur beatae reiciendis mollitia! Molestias, alias harum."}, {"key": "Materyal", "value": "Bronz"}, {"key": "Renk", "value": "Bronz"}, {"key": "Yükseklik", "value": "100 cm"}, {"key": "Genişlik", "value": "40 cm"}, {"key": "Üretildiği Yer", "value": "Avustralya"}, {"key": "Model", "value": "Arap Atı"}, {"key": "Kargo", "value": "Lorem ipsum dolor sit amet consectetur, adipisicing elit. Veritatis harum ut libero! Maxime provident temporibus ut aliquid eveniet asperiores harum numquam praesentium quam, incidunt ipsa unde explicabo, tenetur ullam assumenda eligendi, beatae quaerat reiciendis eius saepe hic laborum. Praesentium, minima! Cumque ipsa aspernatur a vitae quaerat eius exercitationem ut quo est rem, possimus reprehenderit saepe aliquam error officia earum dolor cum accusamus excepturi cupiditate odio nulla incidunt itaque fugit. Quasi nihil illum veritatis doloremque distinctio dolore recusandae ea est aperiam cumque ab sunt vero magni dignissimos minima blanditiis vitae consectetur laborum incidunt, esse consequuntur beatae reiciendis mollitia! Molestias, alias harum."}]', 'Lorem ipsum dolor sit amet consectetur, adipisicing elit. Veritatis harum ut libero! Maxime provident temporibus ut aliquid eveniet asperiores harum numquam praesentium quam, incidunt ipsa unde explicabo, tenetur ullam assumenda eligendi, beatae quaerat reiciendis eius saepe hic laborum. Praesentium, minima! Cumque ipsa aspernatur a vitae quaerat eius exercitationem ut quo est rem, possimus reprehenderit saepe aliquam error officia earum dolor cum accusamus excepturi cupiditate odio nulla incidunt itaque fugit. Quasi nihil illum veritatis doloremque distinctio dolore recusandae ea est aperiam cumque ab sunt vero magni dignissimos minima blanditiis vitae consectetur laborum incidunt, esse consequuntur beatae reiciendis mollitia! Molestias, alias harum.', 8, true, 0);
INSERT INTO public."Product" (id, "categoryId", "order", name, price, "isFeatured", "isArchived", "createdAt", "updatedAt", ek, "iadeSarti", stok, anasayfa, quantity) VALUES ('5f211360-d39b-417b-902c-fe85ea6174d2', 'c07e8daf-e36d-400a-a0a9-c71a5b907d0a', 12, 'Cadı Biblo', 100.000000000000000000000000000000, false, false, '2025-02-11 13:09:11.729', '2025-02-11 13:09:11.729', '[{"key": "Açıklama", "value": "Lorem ipsum dolor sit amet consectetur, adipisicing elit. Veritatis harum ut libero! Maxime provident temporibus ut aliquid eveniet asperiores harum numquam praesentium quam, incidunt ipsa unde explicabo, tenetur ullam assumenda eligendi, beatae quaerat reiciendis eius saepe hic laborum. Praesentium, minima! Cumque ipsa aspernatur a vitae quaerat eius exercitationem ut quo est rem, possimus reprehenderit saepe aliquam error officia earum dolor cum accusamus excepturi cupiditate odio nulla incidunt itaque fugit. Quasi nihil illum veritatis doloremque distinctio dolore recusandae ea est aperiam cumque ab sunt vero magni dignissimos minima blanditiis vitae consectetur laborum incidunt, esse consequuntur beatae reiciendis mollitia! Molestias, alias harum."}, {"key": "Materyal", "value": "Mum"}, {"key": "Renk", "value": "Siyah"}, {"key": "Yükseklik", "value": "50 cm "}, {"key": "Genişlik", "value": "20 cm"}, {"key": "Üretildiği yer", "value": "Polonya"}, {"key": "Kargo Bilgisi", "value": "Lorem ipsum dolor sit amet consectetur, adipisicing elit. Veritatis harum ut libero! Maxime provident temporibus ut aliquid eveniet asperiores harum numquam praesentium quam, incidunt ipsa unde explicabo, tenetur ullam assumenda eligendi, beatae quaerat reiciendis eius saepe hic laborum. Praesentium, minima! Cumque ipsa aspernatur a vitae quaerat eius exercitationem ut quo est rem, possimus reprehenderit saepe aliquam error officia earum dolor cum accusamus excepturi cupiditate odio nulla incidunt itaque fugit. Quasi nihil illum veritatis doloremque distinctio dolore recusandae ea est aperiam cumque ab sunt vero magni dignissimos minima blanditiis vitae consectetur laborum incidunt, esse consequuntur beatae reiciendis mollitia! Molestias, alias harum."}]', 'Lorem ipsum dolor sit amet consectetur, adipisicing elit. Veritatis harum ut libero! Maxime provident temporibus ut aliquid eveniet asperiores harum numquam praesentium quam, incidunt ipsa unde explicabo, tenetur ullam assumenda eligendi, beatae quaerat reiciendis eius saepe hic laborum. Praesentium, minima! Cumque ipsa aspernatur a vitae quaerat eius exercitationem ut quo est rem, possimus reprehenderit saepe aliquam error officia earum dolor cum accusamus excepturi cupiditate odio nulla incidunt itaque fugit. Quasi nihil illum veritatis doloremque distinctio dolore recusandae ea est aperiam cumque ab sunt vero magni dignissimos minima blanditiis vitae consectetur laborum incidunt, esse consequuntur beatae reiciendis mollitia! Molestias, alias harum.', 30, true, 0);
INSERT INTO public."Product" (id, "categoryId", "order", name, price, "isFeatured", "isArchived", "createdAt", "updatedAt", ek, "iadeSarti", stok, anasayfa, quantity) VALUES ('7999b7f5-1e36-4c39-b80b-bd86f1c9faca', 'c07e8daf-e36d-400a-a0a9-c71a5b907d0a', 13, 'Melek Biblo', 50.000000000000000000000000000000, false, false, '2025-02-11 13:10:29.215', '2025-02-11 13:10:29.215', '[{"key": "Açıklama", "value": "Lorem ipsum dolor sit amet consectetur, adipisicing elit. Veritatis harum ut libero! Maxime provident temporibus ut aliquid eveniet asperiores harum numquam praesentium quam, incidunt ipsa unde explicabo, tenetur ullam assumenda eligendi, beatae quaerat reiciendis eius saepe hic laborum. Praesentium, minima! Cumque ipsa aspernatur a vitae quaerat eius exercitationem ut quo est rem, possimus reprehenderit saepe aliquam error officia earum dolor cum accusamus excepturi cupiditate odio nulla incidunt itaque fugit. Quasi nihil illum veritatis doloremque distinctio dolore recusandae ea est aperiam cumque ab sunt vero magni dignissimos minima blanditiis vitae consectetur laborum incidunt, esse consequuntur beatae reiciendis mollitia! Molestias, alias harum."}, {"key": "Materyal", "value": "Cam"}, {"key": "Renk", "value": "Beyaz"}, {"key": "Yükseklik", "value": "100 cm "}, {"key": "Genişlik", "value": "20 cm"}, {"key": "Kargo", "value": "Lorem ipsum dolor sit amet consectetur, adipisicing elit. Veritatis harum ut libero! Maxime provident temporibus ut aliquid eveniet asperiores harum numquam praesentium quam, incidunt ipsa unde explicabo, tenetur ullam assumenda eligendi, beatae quaerat reiciendis eius saepe hic laborum. Praesentium, minima! Cumque ipsa aspernatur a vitae quaerat eius exercitationem ut quo est rem, possimus reprehenderit saepe aliquam error officia earum dolor cum accusamus excepturi cupiditate odio nulla incidunt itaque fugit. Quasi nihil illum veritatis doloremque distinctio dolore recusandae ea est aperiam cumque ab sunt vero magni dignissimos minima blanditiis vitae consectetur laborum incidunt, esse consequuntur beatae reiciendis mollitia! Molestias, alias harum."}]', 'Lorem ipsum dolor sit amet consectetur, adipisicing elit. Veritatis harum ut libero! Maxime provident temporibus ut aliquid eveniet asperiores harum numquam praesentium quam, incidunt ipsa unde explicabo, tenetur ullam assumenda eligendi, beatae quaerat reiciendis eius saepe hic laborum. Praesentium, minima! Cumque ipsa aspernatur a vitae quaerat eius exercitationem ut quo est rem, possimus reprehenderit saepe aliquam error officia earum dolor cum accusamus excepturi cupiditate odio nulla incidunt itaque fugit. Quasi nihil illum veritatis doloremque distinctio dolore recusandae ea est aperiam cumque ab sunt vero magni dignissimos minima blanditiis vitae consectetur laborum incidunt, esse consequuntur beatae reiciendis mollitia! Molestias, alias harum.', 40, true, 0);
INSERT INTO public."Product" (id, "categoryId", "order", name, price, "isFeatured", "isArchived", "createdAt", "updatedAt", ek, "iadeSarti", stok, anasayfa, quantity) VALUES ('1ab07c7b-bd36-49bd-a430-22ece4499859', '4e792fc6-d9f6-4796-b00d-0cdebd73904f', 2, 'Kırmızı Çanta', 50.000000000000000000000000000000, true, false, '2025-02-11 12:34:24.324', '2025-02-16 19:51:15.163', '[{"key": "Açıklama", "value": "Lorem ipsum dolor sit amet consectetur, adipisicing elit. Veritatis harum ut libero! Maxime provident temporibus ut aliquid eveniet asperiores harum numquam praesentium quam, incidunt ipsa unde explicabo, tenetur ullam assumenda eligendi, beatae quaerat reiciendis eius saepe hic laborum. Praesentium, minima! Cumque ipsa aspernatur a vitae quaerat eius exercitationem ut quo est rem, possimus reprehenderit saepe aliquam error officia earum dolor cum accusamus excepturi cupiditate odio nulla incidunt itaque fugit. Quasi nihil illum veritatis doloremque distinctio dolore recusandae ea est aperiam cumque ab sunt vero magni dignissimos minima blanditiis vitae consectetur laborum incidunt, esse consequuntur beatae reiciendis mollitia! Molestias, alias harum."}, {"key": "Materyal", "value": "    Lorem ipsum dolor sit amet, consectetur adipisicing elit. Beatae, iste.\n"}, {"key": "Renk", "value": "Kırmızı"}, {"key": "Yükseklik", "value": "30 cm"}, {"key": "El Genişliği", "value": "50cm"}, {"key": "Kargo", "value": "Lorem ipsum dolor sit amet consectetur, adipisicing elit. Veritatis harum ut libero! Maxime provident temporibus ut aliquid eveniet asperiores harum numquam praesentium quam, incidunt ipsa unde explicabo, tenetur ullam assumenda eligendi, beatae quaerat reiciendis eius saepe hic laborum. Praesentium, minima! Cumque ipsa aspernatur a vitae quaerat eius exercitationem ut quo est rem, possimus reprehenderit saepe aliquam error officia earum dolor cum accusamus excepturi cupiditate odio nulla incidunt itaque fugit. Quasi nihil illum veritatis doloremque distinctio dolore recusandae ea est aperiam cumque ab sunt vero magni dignissimos minima blanditiis vitae consectetur laborum incidunt, esse consequuntur beatae reiciendis mollitia! Molestias, alias harum."}]', 'Lorem ipsum dolor sit amet consectetur, adipisicing elit. Veritatis harum ut libero! Maxime provident temporibus ut aliquid eveniet asperiores harum numquam praesentium quam, incidunt ipsa unde explicabo, tenetur ullam assumenda eligendi, beatae quaerat reiciendis eius saepe hic laborum. Praesentium, minima! Cumque ipsa aspernatur a vitae quaerat eius exercitationem ut quo est rem, possimus reprehenderit saepe aliquam error officia earum dolor cum accusamus excepturi cupiditate odio nulla incidunt itaque fugit. Quasi nihil illum veritatis doloremque distinctio dolore recusandae ea est aperiam cumque ab sunt vero magni dignissimos minima blanditiis vitae consectetur laborum incidunt, esse consequuntur beatae reiciendis mollitia! Molestias, alias harum.', 20, true, 0);


--
-- Data for Name: Image; Type: TABLE DATA; Schema: public; Owner: mert
--

INSERT INTO public."Image" (id, "productId", url, "createdAt", "updatedAt") VALUES ('1ef787d4-2d97-4987-87e6-af3a046f9865', 'd82728b9-9a54-43b4-a8b1-df9f5d4b900f', 'https://res.cloudinary.com/dwc8t3zdl/image/upload/v1739275988/nx5q2g9jmvvxgj40vatt.jpg', '2025-02-11 12:32:12.192', '2025-02-11 12:32:12.192');
INSERT INTO public."Image" (id, "productId", url, "createdAt", "updatedAt") VALUES ('c1a940b6-c65f-4e59-9e8e-f160dec89d3a', 'd82728b9-9a54-43b4-a8b1-df9f5d4b900f', 'https://res.cloudinary.com/dwc8t3zdl/image/upload/v1739275988/nietgxknjrimpj9q6v6z.jpg', '2025-02-11 12:32:12.192', '2025-02-11 12:32:12.192');
INSERT INTO public."Image" (id, "productId", url, "createdAt", "updatedAt") VALUES ('778decd2-490a-44ad-87c0-80997ff15a4b', 'd82728b9-9a54-43b4-a8b1-df9f5d4b900f', 'https://res.cloudinary.com/dwc8t3zdl/image/upload/v1739275988/mfnvxxgyezvmehmwnyez.jpg', '2025-02-11 12:32:12.192', '2025-02-11 12:32:12.192');
INSERT INTO public."Image" (id, "productId", url, "createdAt", "updatedAt") VALUES ('b9fda4a5-3403-483a-97f2-5e1abb494313', 'd82728b9-9a54-43b4-a8b1-df9f5d4b900f', 'https://res.cloudinary.com/dwc8t3zdl/image/upload/v1739275988/evmyxx7llkotcigpopt5.jpg', '2025-02-11 12:32:12.192', '2025-02-11 12:32:12.192');
INSERT INTO public."Image" (id, "productId", url, "createdAt", "updatedAt") VALUES ('19bc4548-5a99-4087-9af2-5c605f9047a4', '1ab07c7b-bd36-49bd-a430-22ece4499859', 'https://res.cloudinary.com/dwc8t3zdl/image/upload/v1739277147/xnoifmaud56seyycelk3.jpg', '2025-02-11 12:34:24.324', '2025-02-11 12:34:24.324');
INSERT INTO public."Image" (id, "productId", url, "createdAt", "updatedAt") VALUES ('bb056225-907e-4d0f-8f6a-41af0d508687', '1ab07c7b-bd36-49bd-a430-22ece4499859', 'https://res.cloudinary.com/dwc8t3zdl/image/upload/v1739277147/df5sbovrwhxivhc3ogon.jpg', '2025-02-11 12:34:24.324', '2025-02-11 12:34:24.324');
INSERT INTO public."Image" (id, "productId", url, "createdAt", "updatedAt") VALUES ('64d0426d-c541-4143-a4c7-aa3d10992a07', '1ab07c7b-bd36-49bd-a430-22ece4499859', 'https://res.cloudinary.com/dwc8t3zdl/image/upload/v1739277147/bp22chudzfvblmqoum35.jpg', '2025-02-11 12:34:24.324', '2025-02-11 12:34:24.324');
INSERT INTO public."Image" (id, "productId", url, "createdAt", "updatedAt") VALUES ('c6ddc9ef-7ab6-479b-8021-dc989434b707', '1ab07c7b-bd36-49bd-a430-22ece4499859', 'https://res.cloudinary.com/dwc8t3zdl/image/upload/v1739277147/nii7afhada9xtjl8rfbo.jpg', '2025-02-11 12:34:24.324', '2025-02-11 12:34:24.324');
INSERT INTO public."Image" (id, "productId", url, "createdAt", "updatedAt") VALUES ('c64ed391-898a-4917-a413-592d1ae8da9f', '87e3e777-6970-4766-82ea-b119a887de8f', 'https://res.cloudinary.com/dwc8t3zdl/image/upload/v1739277275/qpc8awg5ahtmkcq6zur9.jpg', '2025-02-11 12:35:51.918', '2025-02-11 12:35:51.918');
INSERT INTO public."Image" (id, "productId", url, "createdAt", "updatedAt") VALUES ('f17df574-bb6a-4a3b-9c8a-5d8154bb02c2', '87e3e777-6970-4766-82ea-b119a887de8f', 'https://res.cloudinary.com/dwc8t3zdl/image/upload/v1739277275/bapvnh0txb8eezszqaeb.jpg', '2025-02-11 12:35:51.918', '2025-02-11 12:35:51.918');
INSERT INTO public."Image" (id, "productId", url, "createdAt", "updatedAt") VALUES ('a853f767-8422-4c11-8b52-c5aa2819bd69', '87e3e777-6970-4766-82ea-b119a887de8f', 'https://res.cloudinary.com/dwc8t3zdl/image/upload/v1739277275/zi0kpukvbatuy4vajry3.jpg', '2025-02-11 12:35:51.918', '2025-02-11 12:35:51.918');
INSERT INTO public."Image" (id, "productId", url, "createdAt", "updatedAt") VALUES ('b09a5d01-9dfe-4686-9f74-2ad83ed2352c', '87e3e777-6970-4766-82ea-b119a887de8f', 'https://res.cloudinary.com/dwc8t3zdl/image/upload/v1739277275/nldxgaporgzekj7vegcv.avif', '2025-02-11 12:35:51.918', '2025-02-11 12:35:51.918');
INSERT INTO public."Image" (id, "productId", url, "createdAt", "updatedAt") VALUES ('86090b58-9ee0-407b-a93a-2b12abfde138', 'a6ae4632-7d45-4488-927d-ada76c207cff', 'https://res.cloudinary.com/dwc8t3zdl/image/upload/v1739277363/yaafmw7iympe5tvunrdy.jpg', '2025-02-11 12:37:24.32', '2025-02-11 12:37:24.32');
INSERT INTO public."Image" (id, "productId", url, "createdAt", "updatedAt") VALUES ('a96360e1-c991-40a9-8f97-6fe5ca2f106c', 'a6ae4632-7d45-4488-927d-ada76c207cff', 'https://res.cloudinary.com/dwc8t3zdl/image/upload/v1739277363/epc5xmp7qtvm7xbmlpg4.jpg', '2025-02-11 12:37:24.32', '2025-02-11 12:37:24.32');
INSERT INTO public."Image" (id, "productId", url, "createdAt", "updatedAt") VALUES ('5121fdc1-32ee-47d4-b9dd-07e3fa831de1', 'a6ae4632-7d45-4488-927d-ada76c207cff', 'https://res.cloudinary.com/dwc8t3zdl/image/upload/v1739277363/wxa2sm3sq2ihtpczfcx9.jpg', '2025-02-11 12:37:24.32', '2025-02-11 12:37:24.32');
INSERT INTO public."Image" (id, "productId", url, "createdAt", "updatedAt") VALUES ('cd96f647-811d-4d20-acfa-276e98f4afa0', 'a6ae4632-7d45-4488-927d-ada76c207cff', 'https://res.cloudinary.com/dwc8t3zdl/image/upload/v1739277363/u8lux0ttfbalvfwwc1q1.jpg', '2025-02-11 12:37:24.32', '2025-02-11 12:37:24.32');
INSERT INTO public."Image" (id, "productId", url, "createdAt", "updatedAt") VALUES ('60227d3a-48b5-4c05-9028-e50845e51f7f', 'a1615093-8bd1-46b0-9c24-7125b25dff6d', 'https://res.cloudinary.com/dwc8t3zdl/image/upload/v1739277477/edo9y7b4l1rajlntbha2.jpg', '2025-02-11 12:39:39.663', '2025-02-11 12:39:39.663');
INSERT INTO public."Image" (id, "productId", url, "createdAt", "updatedAt") VALUES ('ae055bcf-82ff-4f7d-99eb-ff827cc49950', 'a1615093-8bd1-46b0-9c24-7125b25dff6d', 'https://res.cloudinary.com/dwc8t3zdl/image/upload/v1739277477/jwtp0dtteivlrax0h7vd.jpg', '2025-02-11 12:39:39.663', '2025-02-11 12:39:39.663');
INSERT INTO public."Image" (id, "productId", url, "createdAt", "updatedAt") VALUES ('998402f0-9b80-458f-b583-9eb983fa3f8d', 'a1615093-8bd1-46b0-9c24-7125b25dff6d', 'https://res.cloudinary.com/dwc8t3zdl/image/upload/v1739277478/z5vqdnycvierhkcegde9.jpg', '2025-02-11 12:39:39.663', '2025-02-11 12:39:39.663');
INSERT INTO public."Image" (id, "productId", url, "createdAt", "updatedAt") VALUES ('45cd126c-ff9d-4428-a92f-9239ad2f4e58', 'a1615093-8bd1-46b0-9c24-7125b25dff6d', 'https://res.cloudinary.com/dwc8t3zdl/image/upload/v1739277478/nlrgu7ski8uahnbrhmu1.jpg', '2025-02-11 12:39:39.663', '2025-02-11 12:39:39.663');
INSERT INTO public."Image" (id, "productId", url, "createdAt", "updatedAt") VALUES ('57e27b0e-80c8-41ee-b519-3dce027ddc55', '0dcf7b7c-1fb6-4a59-8b24-f9dd09b698ec', 'https://res.cloudinary.com/dwc8t3zdl/image/upload/v1739277621/scik4bzjuvpttlfr1ulu.jpg', '2025-02-11 12:43:44.613', '2025-02-11 12:43:44.613');
INSERT INTO public."Image" (id, "productId", url, "createdAt", "updatedAt") VALUES ('0a48b72c-4f45-425a-986e-fd7fb7e22f61', '0dcf7b7c-1fb6-4a59-8b24-f9dd09b698ec', 'https://res.cloudinary.com/dwc8t3zdl/image/upload/v1739277621/vzdfzylgqdvtmoauwre9.jpg', '2025-02-11 12:43:44.613', '2025-02-11 12:43:44.613');
INSERT INTO public."Image" (id, "productId", url, "createdAt", "updatedAt") VALUES ('6513353c-7fd3-4235-a89d-a770714904d6', '0dcf7b7c-1fb6-4a59-8b24-f9dd09b698ec', 'https://res.cloudinary.com/dwc8t3zdl/image/upload/v1739277621/juu9ukl7p2hyqmv0je8f.jpg', '2025-02-11 12:43:44.613', '2025-02-11 12:43:44.613');
INSERT INTO public."Image" (id, "productId", url, "createdAt", "updatedAt") VALUES ('c6b9d4ff-96ca-4b70-aeab-70542a27996c', '0dcf7b7c-1fb6-4a59-8b24-f9dd09b698ec', 'https://res.cloudinary.com/dwc8t3zdl/image/upload/v1739277622/km9e81uizzpwlkms0bn6.jpg', '2025-02-11 12:43:44.613', '2025-02-11 12:43:44.613');
INSERT INTO public."Image" (id, "productId", url, "createdAt", "updatedAt") VALUES ('5b750857-f72f-4abb-bc4b-af53eb7f25b6', 'ecea98d3-fd19-4714-9a07-a40604107186', 'https://res.cloudinary.com/dwc8t3zdl/image/upload/v1739278243/zp3b6aidkka1wnkwx4hs.jpg', '2025-02-11 12:52:40.573', '2025-02-11 12:52:40.573');
INSERT INTO public."Image" (id, "productId", url, "createdAt", "updatedAt") VALUES ('bff53495-c8cb-42e2-a77b-ac9e6d9ddcd1', 'ecea98d3-fd19-4714-9a07-a40604107186', 'https://res.cloudinary.com/dwc8t3zdl/image/upload/v1739278243/zrwyjd3w6rkvmgmy4jzk.jpg', '2025-02-11 12:52:40.573', '2025-02-11 12:52:40.573');
INSERT INTO public."Image" (id, "productId", url, "createdAt", "updatedAt") VALUES ('cc86e5e1-6b06-4988-87bf-3983636e10cd', 'ecea98d3-fd19-4714-9a07-a40604107186', 'https://res.cloudinary.com/dwc8t3zdl/image/upload/v1739278243/ttip5olznlhg3zgweei1.jpg', '2025-02-11 12:52:40.573', '2025-02-11 12:52:40.573');
INSERT INTO public."Image" (id, "productId", url, "createdAt", "updatedAt") VALUES ('a9cce67c-7912-4460-961f-b9393679246b', 'ecea98d3-fd19-4714-9a07-a40604107186', 'https://res.cloudinary.com/dwc8t3zdl/image/upload/v1739278243/tn7lgj1fluzvtfaiflds.jpg', '2025-02-11 12:52:40.573', '2025-02-11 12:52:40.573');
INSERT INTO public."Image" (id, "productId", url, "createdAt", "updatedAt") VALUES ('5e0fd577-4082-41b9-ae8b-45e9a65399e9', '1f15cad4-ad53-4a4c-9613-c91d9253d211', 'https://res.cloudinary.com/dwc8t3zdl/image/upload/v1739278529/nuyrfzkjsjr7s5aci9ht.jpg', '2025-02-11 12:56:57.065', '2025-02-11 12:56:57.065');
INSERT INTO public."Image" (id, "productId", url, "createdAt", "updatedAt") VALUES ('ccad0587-fce3-4b4d-a7f5-b95d551cd510', '1f15cad4-ad53-4a4c-9613-c91d9253d211', 'https://res.cloudinary.com/dwc8t3zdl/image/upload/v1739278529/wa9dewsje9iyv1ia5fcq.jpg', '2025-02-11 12:56:57.065', '2025-02-11 12:56:57.065');
INSERT INTO public."Image" (id, "productId", url, "createdAt", "updatedAt") VALUES ('1aa01c6c-4dba-4656-a8b3-a6f8528117d9', '1f15cad4-ad53-4a4c-9613-c91d9253d211', 'https://res.cloudinary.com/dwc8t3zdl/image/upload/v1739278529/dmcxkxwbipgcppwhjix4.jpg', '2025-02-11 12:56:57.065', '2025-02-11 12:56:57.065');
INSERT INTO public."Image" (id, "productId", url, "createdAt", "updatedAt") VALUES ('e5ac01a1-9fe8-496c-8ebd-0441f669fcdb', '1f15cad4-ad53-4a4c-9613-c91d9253d211', 'https://res.cloudinary.com/dwc8t3zdl/image/upload/v1739278530/tgyx0alfv38o4hqhxlav.jpg', '2025-02-11 12:56:57.065', '2025-02-11 12:56:57.065');
INSERT INTO public."Image" (id, "productId", url, "createdAt", "updatedAt") VALUES ('6f3def78-468e-4845-9fcb-21c9ea15a55c', 'ad77a1fc-44b2-449f-afd4-7f1a632476f9', 'https://res.cloudinary.com/dwc8t3zdl/image/upload/v1739278644/d9gdgvkxvuei45amxqdm.jpg', '2025-02-11 12:58:44.488', '2025-02-11 12:58:44.488');
INSERT INTO public."Image" (id, "productId", url, "createdAt", "updatedAt") VALUES ('ee77222a-c3b7-4a91-a067-1f972c2c5434', 'ad77a1fc-44b2-449f-afd4-7f1a632476f9', 'https://res.cloudinary.com/dwc8t3zdl/image/upload/v1739278644/mowlkffuktilbdflvbem.jpg', '2025-02-11 12:58:44.488', '2025-02-11 12:58:44.488');
INSERT INTO public."Image" (id, "productId", url, "createdAt", "updatedAt") VALUES ('b0494d53-141c-4a26-846a-8b7bc361eaa1', 'ad77a1fc-44b2-449f-afd4-7f1a632476f9', 'https://res.cloudinary.com/dwc8t3zdl/image/upload/v1739278644/rpiaqfrpgj6bhtnhscek.jpg', '2025-02-11 12:58:44.488', '2025-02-11 12:58:44.488');
INSERT INTO public."Image" (id, "productId", url, "createdAt", "updatedAt") VALUES ('0ed0b90e-a531-4abd-85d5-40c18df950f5', 'ad77a1fc-44b2-449f-afd4-7f1a632476f9', 'https://res.cloudinary.com/dwc8t3zdl/image/upload/v1739278644/tel7leeqfg35nuplnplo.jpg', '2025-02-11 12:58:44.488', '2025-02-11 12:58:44.488');
INSERT INTO public."Image" (id, "productId", url, "createdAt", "updatedAt") VALUES ('518e2128-8cc1-4853-98b7-c832b1191c1f', 'ad5d8a9f-94df-4e5a-8e0a-78b4600028cd', 'https://res.cloudinary.com/dwc8t3zdl/image/upload/v1739278732/afroq2ckqtkat7jwpu39.jpg', '2025-02-11 13:00:14.506', '2025-02-11 13:00:14.506');
INSERT INTO public."Image" (id, "productId", url, "createdAt", "updatedAt") VALUES ('51b199aa-c840-414b-a178-1b1c92319ae3', 'ad5d8a9f-94df-4e5a-8e0a-78b4600028cd', 'https://res.cloudinary.com/dwc8t3zdl/image/upload/v1739278732/dxceqk6pq1htkgtvkxdd.jpg', '2025-02-11 13:00:14.506', '2025-02-11 13:00:14.506');
INSERT INTO public."Image" (id, "productId", url, "createdAt", "updatedAt") VALUES ('0f9ccc6b-8e4f-4225-91d3-2565a6615f7e', 'ad5d8a9f-94df-4e5a-8e0a-78b4600028cd', 'https://res.cloudinary.com/dwc8t3zdl/image/upload/v1739278739/erh3gjemhoufoep1y9e3.jpg', '2025-02-11 13:00:14.506', '2025-02-11 13:00:14.506');
INSERT INTO public."Image" (id, "productId", url, "createdAt", "updatedAt") VALUES ('60fd282d-cabf-4ef0-aa22-516f9a6e8fb8', '8069594b-ef39-421a-ac9c-a0c063cc06c4', 'https://res.cloudinary.com/dwc8t3zdl/image/upload/v1739279132/aslwb1ksv3qimt81gtmg.jpg', '2025-02-11 13:07:30.044', '2025-02-11 13:07:30.044');
INSERT INTO public."Image" (id, "productId", url, "createdAt", "updatedAt") VALUES ('e7049d96-69c9-4c97-a1f4-87987dd19382', '8069594b-ef39-421a-ac9c-a0c063cc06c4', 'https://res.cloudinary.com/dwc8t3zdl/image/upload/v1739279132/htkrahzn3mkncy4wpwn6.jpg', '2025-02-11 13:07:30.044', '2025-02-11 13:07:30.044');
INSERT INTO public."Image" (id, "productId", url, "createdAt", "updatedAt") VALUES ('2457e7f7-d1d9-4992-b98b-88f07abb4aa3', '8069594b-ef39-421a-ac9c-a0c063cc06c4', 'https://res.cloudinary.com/dwc8t3zdl/image/upload/v1739279132/fn5wtwfvvgr6pj5bjhh8.jpg', '2025-02-11 13:07:30.044', '2025-02-11 13:07:30.044');
INSERT INTO public."Image" (id, "productId", url, "createdAt", "updatedAt") VALUES ('52eef549-ad8f-4252-98e4-93711190b94f', '8069594b-ef39-421a-ac9c-a0c063cc06c4', 'https://res.cloudinary.com/dwc8t3zdl/image/upload/v1739279133/j9jsnlkgad0lz3mlmgxd.jpg', '2025-02-11 13:07:30.044', '2025-02-11 13:07:30.044');
INSERT INTO public."Image" (id, "productId", url, "createdAt", "updatedAt") VALUES ('508bc76d-954d-4bf2-95ef-a54a558b05e3', '5f211360-d39b-417b-902c-fe85ea6174d2', 'https://res.cloudinary.com/dwc8t3zdl/image/upload/v1739279277/sac1pvlrau2sc8cvlku3.jpg', '2025-02-11 13:09:11.729', '2025-02-11 13:09:11.729');
INSERT INTO public."Image" (id, "productId", url, "createdAt", "updatedAt") VALUES ('0a6166a8-b492-4051-bc69-82a38f4a8f2c', '5f211360-d39b-417b-902c-fe85ea6174d2', 'https://res.cloudinary.com/dwc8t3zdl/image/upload/v1739279277/gsolhylup4rntzmuwtgb.png', '2025-02-11 13:09:11.729', '2025-02-11 13:09:11.729');
INSERT INTO public."Image" (id, "productId", url, "createdAt", "updatedAt") VALUES ('3c3e82cc-cc8a-4e56-af4a-dd60daccfd76', '5f211360-d39b-417b-902c-fe85ea6174d2', 'https://res.cloudinary.com/dwc8t3zdl/image/upload/v1739279277/flauvpe2iqa7se5t6ly5.jpg', '2025-02-11 13:09:11.729', '2025-02-11 13:09:11.729');
INSERT INTO public."Image" (id, "productId", url, "createdAt", "updatedAt") VALUES ('72e0f28a-dfd5-4264-9e06-40cc63eaf497', '5f211360-d39b-417b-902c-fe85ea6174d2', 'https://res.cloudinary.com/dwc8t3zdl/image/upload/v1739279278/kgzweyudwbdygmfpwwwy.png', '2025-02-11 13:09:11.729', '2025-02-11 13:09:11.729');
INSERT INTO public."Image" (id, "productId", url, "createdAt", "updatedAt") VALUES ('8c04fa08-4d26-4fa3-85e0-3835d6b1a929', '7999b7f5-1e36-4c39-b80b-bd86f1c9faca', 'https://res.cloudinary.com/dwc8t3zdl/image/upload/v1739279362/huhz8by8ouo7swucm8su.jpg', '2025-02-11 13:10:29.215', '2025-02-11 13:10:29.215');
INSERT INTO public."Image" (id, "productId", url, "createdAt", "updatedAt") VALUES ('6740814e-b7a0-4dfa-982f-8d803452f836', '7999b7f5-1e36-4c39-b80b-bd86f1c9faca', 'https://res.cloudinary.com/dwc8t3zdl/image/upload/v1739279362/qskyrqysis7l9mmqtrfz.jpg', '2025-02-11 13:10:29.215', '2025-02-11 13:10:29.215');
INSERT INTO public."Image" (id, "productId", url, "createdAt", "updatedAt") VALUES ('5b729bcd-b053-492c-b5c5-6a5c99516b23', '7999b7f5-1e36-4c39-b80b-bd86f1c9faca', 'https://res.cloudinary.com/dwc8t3zdl/image/upload/v1739279362/middvubyisalvv9wxgk7.jpg', '2025-02-11 13:10:29.215', '2025-02-11 13:10:29.215');


--
-- Data for Name: ImageOfCategoryMainPage; Type: TABLE DATA; Schema: public; Owner: mert
--

INSERT INTO public."ImageOfCategoryMainPage" (id, url, "createdAt", "updatedAt", "categoryId") VALUES ('547f2a44-fa62-4d4d-a615-b067f1d71335', 'https://res.cloudinary.com/dwc8t3zdl/image/upload/v1739273239/crk1nxtnoxyqvvhopgk8.png', '2025-02-11 11:27:28.058', '2025-02-11 11:27:28.058', '4e792fc6-d9f6-4796-b00d-0cdebd73904f');
INSERT INTO public."ImageOfCategoryMainPage" (id, url, "createdAt", "updatedAt", "categoryId") VALUES ('1e45a3b6-3ef4-4265-ac4c-0e524a9baca6', 'https://res.cloudinary.com/dwc8t3zdl/image/upload/v1739273273/ydjme4svlthkay5hjsc5.png', '2025-02-11 11:27:59.491', '2025-02-11 11:27:59.491', 'c07e8daf-e36d-400a-a0a9-c71a5b907d0a');
INSERT INTO public."ImageOfCategoryMainPage" (id, url, "createdAt", "updatedAt", "categoryId") VALUES ('07f1f0e3-6e7b-420a-ac2e-e5aaa03e34f1', 'https://res.cloudinary.com/dwc8t3zdl/image/upload/v1739273445/iqcvrqcnw4jpprteohru.jpg', '2025-02-11 11:30:50.529', '2025-02-11 11:30:50.529', 'e3510203-ca31-42b0-a815-fde34ae59908');
INSERT INTO public."ImageOfCategoryMainPage" (id, url, "createdAt", "updatedAt", "categoryId") VALUES ('0246021d-d770-4220-847d-2459b17273e7', 'https://res.cloudinary.com/dwc8t3zdl/image/upload/v1739273790/wm3xw3jmgw5tjxgm7ice.jpg', '2025-02-11 13:12:42.728', '2025-02-11 13:12:42.728', 'b6d3c53a-3257-490e-9735-4b691bd2973a');
INSERT INTO public."ImageOfCategoryMainPage" (id, url, "createdAt", "updatedAt", "categoryId") VALUES ('f9f45b60-c1ed-41fb-90af-d416e3eed9ae', 'https://res.cloudinary.com/dwc8t3zdl/image/upload/v1739273870/xbwv7buxnsxixlc3tg6k.png', '2025-02-11 13:12:49.502', '2025-02-11 13:12:49.502', '67f1b0ca-30b4-4c51-83e7-77f1e22f7f26');
INSERT INTO public."ImageOfCategoryMainPage" (id, url, "createdAt", "updatedAt", "categoryId") VALUES ('f1f1f1db-9e2f-4c30-b1a6-048e7ad16880', 'https://res.cloudinary.com/dwc8t3zdl/image/upload/v1739273955/s79jfyvknhwduxwkhjw0.jpg', '2025-02-11 13:12:53.406', '2025-02-11 13:12:53.406', '919df6ed-7b39-4a55-925c-fd0e1e72eb0a');
INSERT INTO public."ImageOfCategoryMainPage" (id, url, "createdAt", "updatedAt", "categoryId") VALUES ('a748b9cb-ae17-46ad-a1cd-79a56ea4d83e', 'https://res.cloudinary.com/dwc8t3zdl/image/upload/v1739274013/nrw2tzmnbfkdtdnignnv.jpg', '2025-02-11 13:12:56.954', '2025-02-11 13:12:56.954', '12aea4e8-4df8-40a9-bdc7-972172590c85');


--
-- Data for Name: Order; Type: TABLE DATA; Schema: public; Owner: mert
--

INSERT INTO public."Order" (id, "isPaid", phone, address, "createdAt", "updatedAt", "madePersonsId") VALUES ('3f2efc6f-071a-466e-a907-3c50399b4c63', false, '', '', '2025-02-17 12:43:32.188', '2025-02-17 12:43:32.188', 'cm737e54h0003gx68vjpbssi0');
INSERT INTO public."Order" (id, "isPaid", phone, address, "createdAt", "updatedAt", "madePersonsId") VALUES ('9520b3b5-7a79-449b-8a3e-b821d27f49ca', false, '', '', '2025-02-17 13:25:00.849', '2025-02-17 13:25:00.849', 'cm737e54h0003gx68vjpbssi0');
INSERT INTO public."Order" (id, "isPaid", phone, address, "createdAt", "updatedAt", "madePersonsId") VALUES ('20f9bfba-977e-47ee-9b27-6e4dfaba1bc8', false, '', '', '2025-02-17 13:25:52.925', '2025-02-17 13:25:52.925', 'cm737e54h0003gx68vjpbssi0');
INSERT INTO public."Order" (id, "isPaid", phone, address, "createdAt", "updatedAt", "madePersonsId") VALUES ('ee1e1455-a2bc-4751-83c8-fee0843d0378', true, '', '', '2025-02-17 13:28:58.629', '2025-02-17 13:29:10.287', 'cm737e54h0003gx68vjpbssi0');
INSERT INTO public."Order" (id, "isPaid", phone, address, "createdAt", "updatedAt", "madePersonsId") VALUES ('ab9d6763-1f6b-4e7d-b959-676b36263ab4', true, '', '', '2025-02-17 13:31:45.459', '2025-02-17 13:31:57.01', 'cm737e54h0003gx68vjpbssi0');
INSERT INTO public."Order" (id, "isPaid", phone, address, "createdAt", "updatedAt", "madePersonsId") VALUES ('150b78be-4103-4a74-bb5b-bc1e25a4cf9f', true, '', '', '2025-02-17 13:33:07.134', '2025-02-17 13:33:20.42', 'cm737e54h0003gx68vjpbssi0');
INSERT INTO public."Order" (id, "isPaid", phone, address, "createdAt", "updatedAt", "madePersonsId") VALUES ('24971f83-877e-4361-9bba-5c875b3f41bc', true, '', '', '2025-02-18 19:01:10.077', '2025-02-18 19:01:27.998', 'cm737e54h0003gx68vjpbssi0');
INSERT INTO public."Order" (id, "isPaid", phone, address, "createdAt", "updatedAt", "madePersonsId") VALUES ('33365629-be81-4027-bb9c-600564f7a414', true, '', '', '2025-02-18 19:29:12.494', '2025-02-18 19:29:45.64', 'cm737e54h0003gx68vjpbssi0');
INSERT INTO public."Order" (id, "isPaid", phone, address, "createdAt", "updatedAt", "madePersonsId") VALUES ('e457fbee-2a8b-4217-9cf3-72070dc17989', true, '', '', '2025-02-18 20:01:30.147', '2025-02-18 20:02:48.698', 'cm737e54h0003gx68vjpbssi0');
INSERT INTO public."Order" (id, "isPaid", phone, address, "createdAt", "updatedAt", "madePersonsId") VALUES ('06026e05-72ac-4ef7-a499-63720249b10b', true, '', '', '2025-02-18 20:03:15.947', '2025-02-18 20:03:46.789', 'cm737e54h0003gx68vjpbssi0');


--
-- Data for Name: OrderItem; Type: TABLE DATA; Schema: public; Owner: mert
--

INSERT INTO public."OrderItem" (id, "orderId", "productId") VALUES ('bdd99521-a212-4797-aaf1-26220369ca33', '3f2efc6f-071a-466e-a907-3c50399b4c63', '1ab07c7b-bd36-49bd-a430-22ece4499859');
INSERT INTO public."OrderItem" (id, "orderId", "productId") VALUES ('ab03d67b-923e-4bcd-a523-4d60958677e0', '9520b3b5-7a79-449b-8a3e-b821d27f49ca', '1ab07c7b-bd36-49bd-a430-22ece4499859');
INSERT INTO public."OrderItem" (id, "orderId", "productId") VALUES ('56686445-c258-4caa-9804-e57f89f33269', '20f9bfba-977e-47ee-9b27-6e4dfaba1bc8', '1ab07c7b-bd36-49bd-a430-22ece4499859');
INSERT INTO public."OrderItem" (id, "orderId", "productId") VALUES ('93b728bd-968b-4a1a-a8dd-1e4e3660278d', 'ee1e1455-a2bc-4751-83c8-fee0843d0378', '1ab07c7b-bd36-49bd-a430-22ece4499859');
INSERT INTO public."OrderItem" (id, "orderId", "productId") VALUES ('ccb51e1b-805c-440f-9e33-40d9ac6826c4', 'ab9d6763-1f6b-4e7d-b959-676b36263ab4', '1ab07c7b-bd36-49bd-a430-22ece4499859');
INSERT INTO public."OrderItem" (id, "orderId", "productId") VALUES ('04635904-5635-4129-8fc7-dc4cfa89a024', '150b78be-4103-4a74-bb5b-bc1e25a4cf9f', '1ab07c7b-bd36-49bd-a430-22ece4499859');
INSERT INTO public."OrderItem" (id, "orderId", "productId") VALUES ('efcb38b5-13a2-415a-b8d2-93bac5c7a278', '24971f83-877e-4361-9bba-5c875b3f41bc', '1ab07c7b-bd36-49bd-a430-22ece4499859');
INSERT INTO public."OrderItem" (id, "orderId", "productId") VALUES ('c691280f-c077-4005-822e-962aac661a78', '33365629-be81-4027-bb9c-600564f7a414', '1ab07c7b-bd36-49bd-a430-22ece4499859');
INSERT INTO public."OrderItem" (id, "orderId", "productId") VALUES ('6b919add-cf86-4b65-811d-685c5dd47365', 'e457fbee-2a8b-4217-9cf3-72070dc17989', '87e3e777-6970-4766-82ea-b119a887de8f');
INSERT INTO public."OrderItem" (id, "orderId", "productId") VALUES ('2e0866ca-a1c5-4e06-92c5-cf83fd16e052', 'e457fbee-2a8b-4217-9cf3-72070dc17989', '1ab07c7b-bd36-49bd-a430-22ece4499859');
INSERT INTO public."OrderItem" (id, "orderId", "productId") VALUES ('6763fa6a-5a2a-4fb2-afd7-7e184b34cb2e', '06026e05-72ac-4ef7-a499-63720249b10b', '87e3e777-6970-4766-82ea-b119a887de8f');
INSERT INTO public."OrderItem" (id, "orderId", "productId") VALUES ('6bc6235e-69cd-4343-84d6-5abdc76b82eb', '06026e05-72ac-4ef7-a499-63720249b10b', '1ab07c7b-bd36-49bd-a430-22ece4499859');


--
-- Data for Name: SecondInceleyinkismi; Type: TABLE DATA; Schema: public; Owner: mert
--



--
-- Data for Name: Slogan; Type: TABLE DATA; Schema: public; Owner: mert
--



--
-- Data for Name: _prisma_migrations; Type: TABLE DATA; Schema: public; Owner: mert
--



--
-- PostgreSQL database dump complete
--

